cramers_v,exact_vs_trimnn_pearson_r,n_triangles,K_perm
0.2781802696344419,0.5158368971819184,7895,2000
